,,,,,,,
,Divendres 14,,,,,,MASCULI
,Club De Begues,,,,,,FEMENI
18-19h,REUNIÓ INFORMATIVA,,,,,,MASCULI I FEMENI
19-20h,,,,,,,NO DISPONIBLE
,,,,,,,
,Dissabte 15,,,,,,
,Club De Begues,,Poliesportiu,,Altres,,
9-10h,INAUGURACIÓ + NATACIÓ,,,,,,
10-11h,,,,,,,
11-12h,,,,,,,
12-13h,,,,,,,
13-14h,,,,,,,
14-15h,,,,,,,
15-16h,VOLEY PLATJA,PING PONG,,,,,
16-17h,,,,,,,
17-18h,,,,,,,
18-19h,,,,,TARDEO,,
19-20h,,,,,,,
20-21h,,,,,,,
21-22h,,,,,,,
22-23h,,,,,,,
23-0h,,,,,,,
0-1h,,,,,,,
,,,,,,,
,Diumenge 16,,,,,,
,Club De Begues,,Poliesportiu,,Campo de Futbol,,
9-10h,,,,,,,
10-11h,"PING PONG
 I
 VOLEY PLATJA",MINIGOLF,,,,,
11-12h,,,,,,,
12-13h,,,,,,,
13-14h,,,,,,,
14-15h,,,,,,,
15-16h,,,,,,,
16-17h,,ESCACS,,,,,
17-18h,,,,,,,
18-19h,,,,,,,
19-20h,,,,,FUTBOL 7 1-2,,
20-21h,,,,BASQUET PREV.,FUTBOL 7 PREV.,,
21-22h,,,BASQUET 1-2,,,,
22-23h,,,,,,,
23-0h,,,,,,,
0-1h,,,,,,,
,,,,,,,
,Dilluns 17,,,,,,
,Club De Begues,,Poliesportiu,,Altres,,
17-18h,,,,,,,
18-19h,,,,HANDBALL PREV.,,,
19-20h,,,,HANDBALL PREV.,FUTBOL 7 3-4,,
20-21h,,,,,FUTBOL 7 1ª,,
21-22h,,,HANDBALL 1,,FUTBOL 7 1ª,,
22-23h,,,HANDBALL 2,,FUTBOL 7 PREV. F.,,
23-0h,,,,,,,
0-1h,,,,,,,
,,,,,,,
,LIMIT PREVIA,,,,,,"PETANCA, DOMINO, TENIS, FRONTON, PADEL, BILLAR"
,,,,,,,
,Dimarts 18,,,,,,
,Club De Begues,,Poliesportiu,,Altres,,
17-18h,,,,,,,
18-19h,,,,HANDBALL 1ª,,,
19-20h,,,,HANDBALL 1ª,FUTBOL 7 5-6,,
20-21h,,,,HANDBALL 1ª,,,FUTBOL 11 OCUPAT 20:30-22:15
21-22h,,,,HANDBALL 1ª,,,
22-23h,,,HANDBALL 3,,FUTBOL 7 SEMIS,,
23-0h,,,HANDBALL 4,,FUTBOL 7 SEMIS,,
0-1h,,,,,,,
,,,,,,,
,Dimecres 19,,,,,,
,Club De Begues,,Poliesportiu,,Altres,,
17-18h,,,,,,,
18-19h,,,,HANDBALL SEMIS,,,
19-20h,,,,HANDBALL SEMIS,FUTBOL 7 7-8,,
20-21h,,,HANDBALL 5,,FUTBOL 7 3ª-4ª,,
21-22h,,,HANDBALL 6,,FUTBOL 7 FINALS,,
22-23h,,,,HANDBALL SEMIS,,,
23-0h,,,,HANDBALL SEMIS,,,
0-1h,,,,,,,
,,,,,,,
,LIMIT MEITAT LLIGA,,,,,,"PETANCA, DOMINO, TENIS, FRONTON, PADEL, BILLAR"
,,,,,,,
,Dijous 20,,,,,,
,Club De Begues,,Poliesportiu,,Altres,,
17-18h,,,,,,,
18-19h,,,,,,,
19-20h,,,,BASQUET 1ª,FUTBOL 7 9-10,,
20-21h,,,,BASQUET 1ª,"FUTBOLIN
DARDS 1-2
PREV.",,FUTBOL 11 OCUPAT 20:30-22:15
21-22h,,,BASQUET 3-4,,,,
22-23h,,,,,,,
23-0h,,,,,,,
0-1h,,,,,,,
,,,,,,,
,Divendres 21,,,,,,
,Club De Begues,,Poliesportiu,,Altres,,
17-18h,,,,,,,
18-19h,WATERPOLO 1,,,,,,
19-20h,WATERPOLO 2,PREV. 1 WATERPOLO,,BASQUET SEMIS,,,
20-21h,,PREV. 2 WATERPOLO,BASQUET 5-6,,"FUTBOLIN
DARDS 3-6
1ª I SEMIS",,FUTBOL 11 OCUPAT 20:30-22:15
21-22h,,,,BASQUET SEMIS,,,
22-23h,,,,VOLEY PREV.,,,
23-0h,,,,VOLEY 1ª,,,
0-1h,,,,VOLEY 1ª,,,
,,,,,,,
,LIMIT 1ª RONDA,,,,,,"PETANCA, DOMINO, TENIS, FRONTON, PADEL, BILLAR"
,,,,,,,
,Dissabte 22,,,,,,
,Club De Begues,,Poliesportiu,,Altres,,
9-10h,,,,,CICLISME,,
10-11h,,,,,,,
11-12h,WATERPOLO 3-6,,,FUTBOL SALA PREV.,,,
12-13h,,,,FUTBOL SALA PREV.,,,
13-14h,,,,,,,
14-15h,,WATERPOLO 1ª,,,,,
15-16h,,,VOLEY 1-2,,,,
16-17h,,,VOLEY 3-4,,,,
17-18h,,,,VOLEY PREV. F.,,,
18-19h,,,,VOLEY SEMIS,,,
19-20h,"ATLETISME
PES
SALT LONGITUD",,,,,,FUTBOL 11 OCUPAT 19:00-21:00
20-21h,,,,,,,
21-22h,,,,,,,
22-23h,,,VOLEY 5-6,,FUTBOLIN,,
23-0h,,,,VOLEY SEMIS,,,
0-1h,,,,,,,
,,,,,,,
,Diumenge 23,,,,,,
,Club De Begues,,Poliesportiu,,Altres,,
9-10h,,,,,,,
10-11h,,,,,"ATLETISME
100m
RELLEUS",,
11-12h,,,,,,,
12-13h,,,,,,,
13-14h,,WATERPOLO SEMIS,BASQUET 7-8,,,,
14-15h,,,HANDBALL 7,,,,
15-16h,,,HANDBALL 8,,,,
16-17h,WATERPOLO 7-10,,,HANDBALL 3ª-4ª,,,
17-18h,,,,HANDBALL 3ª-4ª,,,
18-19h,,,,,,,
19-20h,,,,,CROSS,,
20-21h,,,,,,,
21-22h,,,,BASQUET 3ª-4ª,,,
22-23h,,,,BASQUET FINALS,,,
23-0h,,,,BASQUET FINALS,,,
0-1h,,,,BASQUET PREV. F.,,,
,,,,,,,
,Dilluns 24,,,,,,
,Club De Begues,,Poliesportiu,,Altres,,
17-18h,,,,,,,
18-19h,,"WATERPOLO FINALS
3ª-4ª LLOC",VOLEY 7-8,,,,
19-20h,,,VOLEY 9-10,,,,
20-21h,,,,VOLEY 3ª-4ª,,,
21-22h,,,,VOLEY FINALS,,,
22-23h,,,FUTBOL SALA 1,,,,
23-0h,,,FUTBOL SALA 2,,,,
0-1h,,,,,,,
,,,,,,,
,Dimarts 25,,,,,,
,Club De Begues,,Poliesportiu,,Altres,,
17-18h,,,,,,,
18-19h,,,FUTBOL SALA 3,,,,
19-20h,,,FUTBOL SALA 4,,,,
20-21h,,,,,,,
21-22h,,,,,,,
22-23h,,,,,,,
23-0h,,,,,,,
0-1h,,,,,,,
,,,,,,,
,LIMIT SEMIS I 9ª - 10ª LLOC,,,,,,"PETANCA, DOMINO, TENIS, FRONTON, PADEL, BILLAR"
,,,,,,,
,Dimecres 26,,,,,,
,Club De Begues,,Poliesportiu,,Altres,,
17-18h,,,,,,,
18-19h,,,,FUTBOL SALA 1ª,,,
19-20h,,,,FUTBOL SALA 1ª,,,
20-21h,,,FUTBOL SALA 5,,,,
21-22h,,,FUTBOL SALA 6,,,,
22-23h,,,,FUTBOL SALA 1ª,,,
23-0h,,,,FUTBOL SALA 1ª,,,
0-1h,,,,,,,
,,,,,,,
,Dijous 27,,,,,,
,Club De Begues,,Poliesportiu,,Altres,,
17-18h,,,,,,,
18-19h,,,FUTBOL SALA 7,,,,
19-20h,,,FUTBOL SALA 8,,,,
20-21h,,,,,DARDS 7-8,,
21-22h,,,,,DARDS 3ª-4ª,,
22-23h,,,,,,,
23-0h,,,,,,,
0-1h,,,,,,,
,,,,,,,
,LIMIT FINALITZACIÓ LLIGA,,,,,,"PETANCA, DOMINO, TENIS, FRONTON, PADEL, BILLAR"
,,,,,,,
,Divendres 28,,,,,,
,Club De Begues,,Poliesportiu,,Altres,,
17-18h,,,,,,,
18-19h,,,,FUTBOL SALA PREV. F.,,,
19-20h,,,,FUTBOL SALA SEMIS,,,
20-21h,,,,FUTBOL SALA SEMIS,DARDS 9-10,,
21-22h,,,FUTBOL SALA 9,,DARDS FINALS,,
22-23h,,,FUTBOL SALA 10,,,,
23-0h,,,,FUTBOL SALA SEMIS,,,
0-1h,,,,FUTBOL SALA SEMIS,,,
,,,,,,,
,LIMIT 3ª-4ª I FINALS,,,,,,"PETANCA, DOMINO, TENIS, FRONTON, PADEL, BILLAR"
,,,,,,,
,Dissabte 29,,,,,,
,Club De Begues,,Poliesportiu,,Altres,,
9-10h,,,,,,,
10-11h,,,,,,,
11-12h,,,,FUTBOL SALA 3ª-4ª,,,
12-13h,,,,FUTBOL SALA 3ª-4ª,,,
13-14h,,,BASQUET 9-10,,,,
14-15h,,,,HANDBALL PREV. F.,,,
15-16h,,,,HANDBALL FINAL,,,
16-17h,,,,HANDBALL FINAL,,,
17-18h,,,HANDBALL 9,,,,
18-19h,,,HANDBALL 10,,,,
19-20h,,,,FUTBOL SALA FINAL,,,
20-21h,,,,FUTBOL SALA FINAL,,,
21-22h,SOPAR CLOENDA,,,,,,
22-23h,,,,,,,
23-0h,,,,,,,
0-6h,,,,,,,